,Sim_Type,Nsubs,Iteration,Station,Zone,s1,s5,s10,s15,s20
0,FixBase,20f2s,1,s1,zone1,1.557476170021593,2.9759942919921794,3.9508375884183606,1.6182361746508214,6.026845724822374
1,FixBase,20f2s,2,s1,zone1,4.103754312193775,4.176112728176129,4.1152850152780385,1.9609716769840437,5.0175184351916835
2,FixBase,20f2s,3,s1,zone1,3.2934174945810817,3.219594227680376,2.0199077594589867,3.6619360336696967,3.2877371150718737
3,FixBase,20f2s,4,s1,zone1,2.021722455907862,1.7407898854134694,2.252299544815478,1.5102441645709301,2.5966804076754246
4,FixBase,20f2s,5,s1,zone1,5.706967967017774,9.411524088880396,5.606166575881925,3.653920351611932,8.140713936308886
5,FixBase,20f2s,1,s2,zone1,1.0067860687581212,1.0859401953384888,1.8444795449784783,0.803530245147768,1.5781140062481396
6,FixBase,20f2s,2,s2,zone1,1.1828056237627498,2.516093176887788,3.199013700483229,1.7788244794190935,4.484719387779784
7,FixBase,20f2s,3,s2,zone1,0.7827849220710417,1.4075566965479573,2.651572383065668,0.8826386305976607,1.6086928376583784
8,FixBase,20f2s,4,s2,zone1,0.9344163758664678,2.434741296233754,1.807182960064115,1.2457533862585168,2.193036384564363
9,FixBase,20f2s,5,s2,zone1,3.7243026042608394,2.2677879067900584,3.1331880841310995,1.4790462773983377,5.462174375995194
10,FixBase,20f2s,1,s3,zone1,2.9514868687067355,1.881851436387099,1.4668810566939654,1.3905867184336007,2.055503157110007
11,FixBase,20f2s,2,s3,zone1,1.3714442283102195,3.336998914077669,2.3572552823156045,1.2739035481700658,1.7819974158722531
12,FixBase,20f2s,3,s3,zone1,1.2343911909830967,2.349533989848389,2.065992039933176,1.8371028449222766,3.3900701497788233
13,FixBase,20f2s,4,s3,zone1,1.3075322645389746,1.914907696212044,3.216502742350956,1.0069554373806127,2.232442718864871
14,FixBase,20f2s,5,s3,zone1,2.9725430396254473,3.85040373361221,5.677804959427181,1.1835607467414917,6.269667121102972
15,FixBase,20f2s,1,s4,zone2,1.1111884457599275,3.1498113164897448,2.6435955653478076,1.4178418985798371,3.539395523499535
16,FixBase,20f2s,2,s4,zone2,1.5416554482284117,1.433048051181745,2.2734905728245116,1.3871693830544118,2.9328620063816455
17,FixBase,20f2s,3,s4,zone2,1.345200563616475,2.9819761159702565,2.6060557891789293,1.1335274885209903,1.8765453890400783
18,FixBase,20f2s,4,s4,zone2,2.9039022560545407,1.7582120029627306,1.1459825999222268,1.0235066913887658,4.711747585821196
19,FixBase,20f2s,5,s4,zone2,1.9892460171697588,1.6615686982850786,1.6930477205064496,1.798483297060953,2.540167253556609
20,FixBase,20f2s,1,s5,zone2,1.0926338077847146,1.4770130715791314,2.2906636228662465,0.5748145940648602,1.6497631273751465
21,FixBase,20f2s,2,s5,zone2,0.9056732006450487,1.4450265673496383,3.322898389281626,1.4114067073440728,3.222387630960372
22,FixBase,20f2s,3,s5,zone2,0.5697247150227209,0.8509029425653758,1.5218589353343592,0.7376229734428341,2.3233942269492824
23,FixBase,20f2s,4,s5,zone2,0.7111379637833546,1.549875040953835,0.9399352615534758,1.1677426258483767,1.5674023808718887
24,FixBase,20f2s,5,s5,zone2,1.1527029816291001,1.2205490416488949,3.0292824923054242,1.3828191239937369,3.0486149442033112
25,FixBase,20f2s,1,s6,zone2,1.1540194170767466,1.6889492697052242,1.445598644697606,1.1587650200597028,1.4942800384160595
26,FixBase,20f2s,2,s6,zone2,1.1041554195214616,1.1183574271792487,2.505653506621162,1.1156185852118359,2.8569128830517028
27,FixBase,20f2s,3,s6,zone2,0.7344114638524774,0.9702595554787147,1.688583459546835,0.34455037472435995,2.5487968406102537
28,FixBase,20f2s,4,s6,zone2,1.1160809042794548,1.6049624707144814,2.898985062546181,1.2748855495715892,3.306068038643794
29,FixBase,20f2s,5,s6,zone2,1.6548835688661687,2.141105080107428,2.270831972272759,0.6530342252423812,1.3170098350715516
30,FixBase,20f2s,1,s7,zone3,1.049452291421212,1.065842439119508,0.9144457900232446,0.6808177886122937,1.29876686770687
31,FixBase,20f2s,2,s7,zone3,1.0301559377823357,1.1298975022167264,1.0271271583979253,0.42012855614526284,0.9174172789611352
32,FixBase,20f2s,3,s7,zone3,0.7520585922187961,0.416806393247985,0.7536741908928339,0.5803533070054998,0.6385287307428739
33,FixBase,20f2s,4,s7,zone3,0.35102085372562214,0.5754757778359717,0.9501181892569603,0.8085130548066771,1.7153512274303604
34,FixBase,20f2s,5,s7,zone3,1.1332367065459137,1.7126298122392871,1.4401316814244012,2.1178633472862436,3.135417808539273
35,FixBase,20f2s,1,s8,zone3,0.5507779850565477,0.8454630081740631,1.9635720113670656,0.4742680406888428,1.39163722424712
36,FixBase,20f2s,2,s8,zone3,1.2009362324376784,0.6764776646496766,1.7793056570056962,1.09687110181157,2.134656417724992
37,FixBase,20f2s,3,s8,zone3,0.4144609950598225,1.071206658376794,0.9432102118667808,0.6467316105493282,0.4406150980625023
38,FixBase,20f2s,4,s8,zone3,0.5813000382204532,0.7785590725550224,2.1032994861421668,0.8058056937893484,2.337140295300864
39,FixBase,20f2s,5,s8,zone3,3.2852493570481305,1.2417366031367292,1.0247276327103325,2.3931597804997686,4.5398749195384225
40,FixBase,20f2s,1,s9,zone3,0.7857392394356263,0.6548926594130444,1.205091362370763,1.0129151920671144,2.396787113183016
41,FixBase,20f2s,2,s9,zone3,0.9567936325422963,0.9379386537275392,0.5676869608675358,0.48894361399766245,0.8166433620640651
42,FixBase,20f2s,3,s9,zone3,0.5053655221239348,0.4180855444853557,0.7106503948237649,0.5458621521725321,0.8585897416638851
43,FixBase,20f2s,4,s9,zone3,0.807399939646734,0.4918696081732129,1.1136996810238964,0.6166165377286184,1.2075005176830933
44,FixBase,20f2s,5,s9,zone3,1.1477398703298651,2.091281170561337,1.6240079070274511,0.525317471860735,1.2908679514498513
45,FixBase,20f4s,1,s1,zone1,2.204219336141262,3.055078448641597,3.9894213223525763,1.5531845456654978,4.901247039590472
46,FixBase,20f4s,2,s1,zone1,3.7618479689178836,2.910764886535841,2.6262230926114607,2.124694845648086,4.11225979571528
47,FixBase,20f4s,3,s1,zone1,3.379580396822211,3.4734083759134973,2.115490638533199,3.4319598195080894,2.709348671633556
48,FixBase,20f4s,4,s1,zone1,1.5051990900592103,1.7826154159167744,1.3125231641651898,1.1710031433767256,1.5674009562548346
49,FixBase,20f4s,5,s1,zone1,4.238713312840937,7.428884475602395,4.623870953493792,3.4604223442944138,5.939493341422648
50,FixBase,20f4s,1,s2,zone1,1.1356878962311632,1.0306072841512859,1.360417531110715,0.8147473211290108,1.1867664147693986
51,FixBase,20f4s,2,s2,zone1,1.9233225036078772,1.0200375944437032,2.4312625057054444,1.7778464643109377,3.690035537828551
52,FixBase,20f4s,3,s2,zone1,1.1354641704997193,1.2797821610603448,2.3640680871514936,0.9999212363532196,1.137557208134062
53,FixBase,20f4s,4,s2,zone1,0.8370562084736748,2.4740324182227798,1.3353700636321426,1.0450251489325257,1.679800554707531
54,FixBase,20f4s,5,s2,zone1,3.362427348668128,1.9298194934719801,2.810131692115,1.593158384526633,4.621763289802682
55,FixBase,20f4s,1,s3,zone1,2.070400565147836,2.190531807007351,1.0461770149773144,1.6031228438648772,1.65115406999867
56,FixBase,20f4s,2,s3,zone1,1.8081674333385485,3.1680745431518367,1.5857204698846277,1.3911351296658958,1.7856086991101388
57,FixBase,20f4s,3,s3,zone1,1.4118309635966113,2.2074024075708074,1.8485635506423774,1.589125514474313,3.1783646830665897
58,FixBase,20f4s,4,s3,zone1,1.1508379748402815,1.0241065902729702,2.64115353958693,0.9099973136681466,1.8944149215096153
59,FixBase,20f4s,5,s3,zone1,4.504742314883038,3.3031232936286994,3.9862115560292968,1.1543847448685007,5.103509874880729
60,FixBase,20f4s,1,s4,zone2,1.0524987677041546,2.3980057450518926,1.786802948141107,1.4521272304332609,3.039662182651202
61,FixBase,20f4s,2,s4,zone2,1.1088935343111432,1.5916128386423765,1.8536248392243229,1.3820636095022898,2.3031335346962516
62,FixBase,20f4s,3,s4,zone2,2.1046131094503284,2.611137276126711,2.1336138425473616,1.1086662400969287,1.1797443256784317
63,FixBase,20f4s,4,s4,zone2,1.6979099614293836,2.5184537291148144,1.0127163371890155,1.0441908741878636,4.3859896210997436
64,FixBase,20f4s,5,s4,zone2,2.176220465355677,1.0628225954677584,1.8297724822921229,2.0013103419831286,2.1400840899680404
65,FixBase,20f4s,1,s5,zone2,0.7343420527926918,0.9907099948503856,1.7664640638271754,0.6737511593947925,1.3270588313512894
66,FixBase,20f4s,2,s5,zone2,0.7617282702398708,0.8911850447070199,2.5346866500458702,1.1978891091187236,2.4811314259629573
67,FixBase,20f4s,3,s5,zone2,0.7710147275790001,0.8342050249923191,0.8342762480571314,0.6042770707517587,1.7717569472009236
68,FixBase,20f4s,4,s5,zone2,0.7232389829178971,1.3936897423100758,0.7090918044676715,1.1709316005155013,1.6245820000340756
69,FixBase,20f4s,5,s5,zone2,1.4559225905645883,1.2154157865565953,2.2377963502653624,1.257040546263366,2.459034283170285
70,FixBase,20f4s,1,s6,zone2,1.0557496574072835,1.1336954315572154,1.177213646929654,1.2472896487689358,1.0988049247267149
71,FixBase,20f4s,2,s6,zone2,1.1447375713377257,1.1359717125017323,2.222250565807527,0.7358303555507913,2.196628785047318
72,FixBase,20f4s,3,s6,zone2,0.7002252329253108,0.7229614831352298,1.441479961769323,0.45467829853796926,1.9222111500484722
73,FixBase,20f4s,4,s6,zone2,0.7945749303322182,1.3717023755483577,2.2957461324799784,1.199513500580128,2.704966318134935
74,FixBase,20f4s,5,s6,zone2,1.3057293251270325,1.3542380545332395,1.9509752780468061,0.42090071845496363,1.1083036509863817
75,FixBase,20f4s,1,s7,zone3,0.8036594049288543,0.8346968246039755,0.7674572806813997,0.5790679324015672,1.3522386506615025
76,FixBase,20f4s,2,s7,zone3,1.068072738665191,0.8751759322801502,0.9447445191335365,0.5631312196139077,0.8137633202586032
77,FixBase,20f4s,3,s7,zone3,0.4110877611406639,0.5878990981785746,0.6415290386104185,0.5293181604645185,0.4319944539407384
78,FixBase,20f4s,4,s7,zone3,0.3341172426380847,0.34501152371751764,0.8685065230799163,0.7844454907208118,1.4249360117104417
79,FixBase,20f4s,5,s7,zone3,0.9451332307737239,1.4710188749111817,1.1600604748013676,2.108743837963141,2.9104065198832516
80,FixBase,20f4s,1,s8,zone3,0.942447603612563,0.7095049858393665,1.6757044466637383,0.6148380336905437,0.9665811641601593
81,FixBase,20f4s,2,s8,zone3,0.8047819334790528,0.6745224281437553,1.5005093938840761,1.000365826515665,1.8011158480748901
82,FixBase,20f4s,3,s8,zone3,0.314355231154765,1.025360573922586,0.5925636887613128,0.6927363625191486,0.5547460723218504
83,FixBase,20f4s,4,s8,zone3,0.8334249533195937,0.6449320673623248,1.605980025985002,0.6516707240351323,1.8564318993411395
84,FixBase,20f4s,5,s8,zone3,3.326247368896638,1.025623940990532,1.059130816242058,2.3371024442569097,4.2852696491621005
85,FixBase,20f4s,1,s9,zone3,0.530929550100596,0.6023216546096003,0.8196096233709557,0.876737617790234,1.9216646339466077
86,FixBase,20f4s,2,s9,zone3,1.000847281842374,1.0866111939857233,0.44670480174118793,0.5869012330424539,0.6760576655159505
87,FixBase,20f4s,3,s9,zone3,0.420782518756883,0.44759887461155573,0.8025044511832811,0.4184367585593606,0.6602732076432577
88,FixBase,20f4s,4,s9,zone3,0.6254465593426244,0.4016986432941043,1.0187351126526139,0.5433358279907297,1.1584697274266271
89,FixBase,20f4s,5,s9,zone3,1.3232018852018976,1.826626658733254,1.335918260383789,0.6042275609238921,1.2453981185484584
90,AbsBound,20f2s,1,s1,zone1,1.9759636382503254,1.4484351365975514,1.4470249574675045,2.217604797775036,1.79779709859777
91,AbsBound,20f2s,2,s1,zone1,3.277701537055276,3.7487472274501425,2.874360335875131,3.298581283064199,6.427166763340702
92,AbsBound,20f2s,3,s1,zone1,2.7974030432668884,3.383032524690906,3.611782837368298,3.205111279476571,4.725860378981544
93,AbsBound,20f2s,4,s1,zone1,3.0394313700361644,2.940306276850176,2.602562477642536,2.5858016653049907,3.083036258941585
94,AbsBound,20f2s,5,s1,zone1,8.367376667457558,6.97361471926613,6.821798562994012,8.413656751465235,9.8764407341487
95,AbsBound,20f2s,1,s2,zone1,0.6308894394307707,0.6891752113578282,0.7157475228252446,0.4286240619735836,1.0828207712570264
96,AbsBound,20f2s,2,s2,zone1,1.616616133934396,1.393374335656731,1.671790984977343,1.153595081167104,3.5426713725342553
97,AbsBound,20f2s,3,s2,zone1,1.2384228481196269,1.109655711787139,1.6997308522086896,1.4781302718691411,1.215045629969509
98,AbsBound,20f2s,4,s2,zone1,0.9235514519854228,0.733975278463796,0.7830836658975959,0.691226718298325,1.0683685763484152
99,AbsBound,20f2s,5,s2,zone1,3.583952262987452,1.8536398818783204,1.423363833897566,2.815468365898977,5.377383724165834
100,AbsBound,20f2s,1,s3,zone1,1.944913722930033,1.8554391962093857,2.3290593568862477,2.7109666135620145,2.5796411964265658
101,AbsBound,20f2s,2,s3,zone1,1.2875666319532886,0.9061048276367206,1.5863072333314836,1.5195653052529867,1.0898986301827978
102,AbsBound,20f2s,3,s3,zone1,0.7490007949124222,1.4750076988247993,1.441942911387883,0.9775252293669219,1.786333091504064
103,AbsBound,20f2s,4,s3,zone1,1.8004652888702108,1.318508222670616,1.6210146293258745,1.805995327507359,2.0965071162990587
104,AbsBound,20f2s,5,s3,zone1,2.8170400341142474,2.2816519870924235,2.6400753606257967,3.2903635112786573,4.541208059302482
105,AbsBound,20f2s,1,s4,zone2,2.030442830189167,1.9674013499848328,1.90864267998719,2.227723230214365,3.172854566013447
106,AbsBound,20f2s,2,s4,zone2,1.8777709981804562,1.478053474802634,1.4956628166141623,1.7115371027036066,2.182764103318587
107,AbsBound,20f2s,3,s4,zone2,2.2472164318867724,2.3344444293025135,2.0196913295491306,2.4903840413564677,3.3658056075623266
108,AbsBound,20f2s,4,s4,zone2,1.8279026743984628,1.9099099086848794,1.7867568780255734,2.295748829298037,2.415384506677347
109,AbsBound,20f2s,5,s4,zone2,3.59944907788636,3.4142508115890053,3.9186269709351973,4.344966655740798,3.597955067486825
110,AbsBound,20f2s,1,s5,zone2,1.325314053132668,0.953206789573434,1.024918212746074,1.1890080806446244,1.2204668278849202
111,AbsBound,20f2s,2,s5,zone2,0.826753858181661,1.0370542045126359,1.3422079630552257,1.045026924753059,1.4962216449716927
112,AbsBound,20f2s,3,s5,zone2,0.9883584833094051,0.9538437537978767,0.7898693074320438,0.8924596845529235,1.834412814699239
113,AbsBound,20f2s,4,s5,zone2,0.7650674990914635,0.9637591219577551,0.7976405569344234,0.750997018344453,1.4772376007853916
114,AbsBound,20f2s,5,s5,zone2,1.4332170630139152,0.8079852171687041,1.3051480086753857,1.4165750004991597,1.3989035380826311
115,AbsBound,20f2s,1,s6,zone2,0.582564283177126,0.6975061163722371,0.9495269297556019,0.8805662166683659,0.9432611670198379
116,AbsBound,20f2s,2,s6,zone2,2.0135568643049213,1.716292674068019,1.6600076929069332,1.7538673199474155,2.6916878518066647
117,AbsBound,20f2s,3,s6,zone2,1.0149714203655393,0.6670025002491753,0.5939239697595777,1.1102853229193748,1.3674729231070282
118,AbsBound,20f2s,4,s6,zone2,1.685703926297557,1.4083720721469524,1.520070123217097,1.7755127855765207,2.4636030356273944
119,AbsBound,20f2s,5,s6,zone2,2.2077526027725787,1.5221278460517296,1.3879049727519608,2.067948763312068,2.499502228194852
120,AbsBound,20f2s,1,s7,zone3,0.9049380077721408,0.40438168103356625,0.5678008455353114,0.6070757124592615,1.4692347354868245
121,AbsBound,20f2s,2,s7,zone3,0.8274609942039237,0.7833782723348172,0.8957720703100283,1.2745466884283962,1.2010866954355106
122,AbsBound,20f2s,3,s7,zone3,0.5632686954295519,0.6317734201204589,0.6702280191581569,0.5856427393630335,0.9572726256594158
123,AbsBound,20f2s,4,s7,zone3,0.621967023924781,0.6937619538362392,1.2491047322520266,0.8479753323379952,0.8423463488320668
124,AbsBound,20f2s,5,s7,zone3,0.9574139190954855,1.1468271739953535,1.6908703186891618,1.37844514669868,1.2059657332997626
125,AbsBound,20f2s,1,s8,zone3,0.697859871848683,0.38814404766313926,0.6545635455363114,0.6407939209655361,1.2020319883121826
126,AbsBound,20f2s,2,s8,zone3,0.8156900460082454,0.6916085897900545,0.7313243900225282,0.9309231289607549,0.9735691339429827
127,AbsBound,20f2s,3,s8,zone3,0.40539827859872046,0.37441205773467157,0.7747960220818146,0.3743003803200751,1.167265261967635
128,AbsBound,20f2s,4,s8,zone3,1.1281872765061418,0.6135342062055242,0.3584984231550694,1.0320824027917581,1.864200206337714
129,AbsBound,20f2s,5,s8,zone3,1.5916973467949254,0.8752626833497651,2.2335469296156276,2.1162253972789657,2.060112403084435
130,AbsBound,20f2s,1,s9,zone3,1.0636223997760268,0.6649851506728536,0.35013739937823074,0.686410569298897,2.038128005422817
131,AbsBound,20f2s,2,s9,zone3,1.1294626905255103,1.4595760294272146,1.8844552138188784,2.0456822703672506,1.475841872836448
132,AbsBound,20f2s,3,s9,zone3,0.3905754145785203,0.46232407746689935,0.5994085886938247,0.5204579870882533,0.4976699901452531
133,AbsBound,20f2s,4,s9,zone3,0.6727568626297566,0.43393822336443544,0.4394596115423264,0.5073717590821896,0.9048552768051794
134,AbsBound,20f2s,5,s9,zone3,1.6653554014003882,1.7118054025550355,1.361244426872271,1.6745847689110267,2.2300918203586457
135,AbsBound,20f4s,1,s1,zone1,2.8366299138259548,3.2494509174687725,2.5253870785616828,3.2425220138235,2.9937754794660028
136,AbsBound,20f4s,2,s1,zone1,2.8665629299653532,4.546581929129336,3.4421869739178828,3.182485450628275,8.567603438842758
137,AbsBound,20f4s,3,s1,zone1,1.8003683482459192,4.221858188268395,3.881120330109374,2.684233017542931,5.9905609611322115
138,AbsBound,20f4s,4,s1,zone1,3.014526572647857,3.4575737307339103,2.579364463674566,2.655820874773472,4.3094019246397135
139,AbsBound,20f4s,5,s1,zone1,7.83144974103585,7.386772406494854,7.715052597168004,9.02271423077646,12.275790414865785
140,AbsBound,20f4s,1,s2,zone1,0.7233044797219416,0.9837856313634019,1.1538667928984503,0.570163251366035,1.49254193324193
141,AbsBound,20f4s,2,s2,zone1,2.2103923096251417,1.2291037836777459,2.518060549702364,1.190644045624522,4.856406337180484
142,AbsBound,20f4s,3,s2,zone1,1.4155893684970415,1.4287793949797274,2.491558405904406,1.8360318183999884,2.1058340355116414
143,AbsBound,20f4s,4,s2,zone1,0.6046687800850602,0.9083159117814831,1.3770497330247389,0.9055631739437721,1.4586322637594091
144,AbsBound,20f4s,5,s2,zone1,4.203836145802165,1.1940095448460613,2.968830571833648,2.5642036997867472,7.781862797045356
145,AbsBound,20f4s,1,s3,zone1,2.3035588346566422,1.6975384658140027,2.939332133561827,2.9733788697548724,3.0655986632126897
146,AbsBound,20f4s,2,s3,zone1,1.8574083812082378,0.8411069400075117,1.6843893731304924,1.8182103774370537,1.9594652337089085
147,AbsBound,20f4s,3,s3,zone1,1.0976362271565177,2.3764298583434553,1.8081640724448211,1.024582045940818,2.7588099980680267
148,AbsBound,20f4s,4,s3,zone1,1.7323912952630178,1.41408366188797,2.1884054016903205,2.0906988484921616,2.4984731630125916
149,AbsBound,20f4s,5,s3,zone1,3.6295336994105254,2.4011758266851952,2.6852871839002836,3.3419260670377913,5.1997797106643215
150,AbsBound,20f4s,1,s4,zone2,2.2852063687329065,1.7138990382865025,2.255236829831822,2.4239086002548693,3.8575563788359344
151,AbsBound,20f4s,2,s4,zone2,1.8372679658577253,1.5227277062686422,1.748082012397703,1.5786967258603444,2.977729264538487
152,AbsBound,20f4s,3,s4,zone2,2.6077041180817595,2.203163367821756,2.2515662151325633,2.5807462642567973,4.29759563103969
153,AbsBound,20f4s,4,s4,zone2,2.37710407027946,2.230006706601043,2.442995751577015,2.9032886781303775,2.600959836063666
154,AbsBound,20f4s,5,s4,zone2,3.448811410013836,3.3081043169608453,4.373533806810143,4.699367375848738,4.123896116261248
155,AbsBound,20f4s,1,s5,zone2,1.3536169537571807,0.9001444368603608,1.2029118138367065,1.2503963830551867,1.8728985942324725
156,AbsBound,20f4s,2,s5,zone2,1.077271943060237,1.216175212743076,2.218318405312756,1.2146706254978359,2.13264214237619
157,AbsBound,20f4s,3,s5,zone2,1.42435381234837,1.3173478595241708,1.1606248705273112,1.2270651342568504,3.2144692822624346
158,AbsBound,20f4s,4,s5,zone2,0.9290645621216584,1.183191013834365,0.9387511207845594,0.8058401050105842,2.2127587859134152
159,AbsBound,20f4s,5,s5,zone2,2.0704162554522614,0.7285981133889119,1.9756481653723168,2.0195014878969633,2.6633310676425728
160,AbsBound,20f4s,1,s6,zone2,0.6481722015159875,0.7552992135870619,1.1878960109558745,1.1084376318391775,1.8662603012811119
161,AbsBound,20f4s,2,s6,zone2,1.9433824405152824,1.9825075306068458,1.8817146327227774,1.6214383833189294,3.4017337778511894
162,AbsBound,20f4s,3,s6,zone2,1.1002868421394247,0.7321614334919604,0.9286245951205602,1.454448088822139,1.597171173246612
163,AbsBound,20f4s,4,s6,zone2,1.4099899909585214,1.545329135602168,1.58769807774422,1.8841133547353142,2.576537483258646
164,AbsBound,20f4s,5,s6,zone2,2.7930675611479434,1.0407873094016666,1.843452671293245,2.1068410485996765,3.209054748640213
165,AbsBound,20f4s,1,s7,zone3,1.1136457444621772,0.4262177159644512,1.2602469000416714,0.6313325595412644,2.3703500893784293
166,AbsBound,20f4s,2,s7,zone3,0.6332212835326521,0.6717841850746796,0.8638428708317596,1.3020187974104795,1.6038922682857129
167,AbsBound,20f4s,3,s7,zone3,0.36036591137605667,0.8014790927203025,0.8396547203955225,0.5952434700675803,1.3306788208838352
168,AbsBound,20f4s,4,s7,zone3,0.8218545692551047,0.7739150076316552,1.9820006701208799,1.0209140523684397,1.3483337787124567
169,AbsBound,20f4s,5,s7,zone3,0.9091490269994468,1.4931448237425764,2.373921582173124,1.4282990946766851,1.384758297600043
170,AbsBound,20f4s,1,s8,zone3,0.8431165949624942,0.7139176184442703,1.1416327140398779,0.7167805663972046,1.7005864490164206
171,AbsBound,20f4s,2,s8,zone3,0.5456586887544549,1.1625086409815484,0.7959507561731972,1.0318523851210648,1.2852397815094914
172,AbsBound,20f4s,3,s8,zone3,0.6641300188415878,0.45181341454320856,1.5076821500241957,0.38628309494614865,1.7979531349359612
173,AbsBound,20f4s,4,s8,zone3,1.0325088618672007,0.6429083833016415,0.6086309204971766,1.109591673359737,2.4863192583971028
174,AbsBound,20f4s,5,s8,zone3,2.4985759400613547,1.2715011133753684,3.3751459810884246,2.431613773520173,2.492060371506377
175,AbsBound,20f4s,1,s9,zone3,0.9729154491980516,0.6879415319729877,0.5883582641900132,0.7546717727821253,2.934653023178284
176,AbsBound,20f4s,2,s9,zone3,0.8597534326211513,1.714945437352464,1.9975394896505074,2.3818859631682603,1.6584925334020904
177,AbsBound,20f4s,3,s9,zone3,0.36543570961110877,0.786459532747233,0.5892444076885361,0.5633874174695945,0.6141038217078946
178,AbsBound,20f4s,4,s9,zone3,0.7727760698147763,0.8230928513574454,0.4980446058212411,0.6527110570481969,1.2769977859645387
179,AbsBound,20f4s,5,s9,zone3,1.7718259652370694,1.914937372841316,1.0902453790347952,1.8472518303176464,2.7726552876753723
180,DRM,20f2s,1,s1,zone1,1.3090603817029218,2.2535116589452966,1.9793883778659789,1.6514143106555244,3.3884664132434246
181,DRM,20f2s,2,s1,zone1,4.511312541345578,4.461824086340235,2.7302296725971056,4.380939576354091,9.891582893215848
182,DRM,20f2s,3,s1,zone1,3.2179868048809466,4.584392685874701,3.4045834229939587,4.115161434673737,5.135817407323225
183,DRM,20f2s,4,s1,zone1,3.2300351607698916,2.325823703378792,2.966091411381814,4.626969591964533,2.077255665716973
184,DRM,20f2s,5,s1,zone1,8.508075921020497,11.508445546446683,6.516654634540319,8.46036388208105,14.79366560439132
185,DRM,20f2s,1,s2,zone1,1.293937330617473,1.7154050583078895,1.159047170093398,1.0272073581796999,1.9738415033382521
186,DRM,20f2s,2,s2,zone1,2.472253123489096,1.8750529306418946,1.5747205662725026,1.6961909008264255,4.234892601613615
187,DRM,20f2s,3,s2,zone1,0.8696225244030987,0.8899002233352623,1.9141764672374193,1.614597010498028,1.9134674223776296
188,DRM,20f2s,4,s2,zone1,0.9867740661425343,1.2341273129181616,1.3429439007519581,1.3677923497916427,2.9789383992342606
189,DRM,20f2s,5,s2,zone1,3.137950429969455,1.9368680323367808,2.4270167881026063,3.811241943619822,5.298081852505571
190,DRM,20f2s,1,s3,zone1,1.1848734416803919,3.7735880267564217,2.9948070528224027,2.580782563160608,4.277033986704873
191,DRM,20f2s,2,s3,zone1,1.1993623097523103,1.4057181893152586,2.599241177537245,2.060709091637192,1.9006726028517695
192,DRM,20f2s,3,s3,zone1,0.8348144013612945,3.6722399053846213,1.8601069968203159,1.4540584892190058,3.3304120337955303
193,DRM,20f2s,4,s3,zone1,1.56357605202497,1.1827310530583846,2.357022258293214,2.4381108142409227,3.230295304602336
194,DRM,20f2s,5,s3,zone1,4.006262055471522,2.9987478629560456,3.5052581231450644,3.6236405160242895,6.541497244151847
195,DRM,20f2s,1,s4,zone2,2.288464394582752,2.728286591523869,1.8974302871429003,1.8268774340102243,4.634577044624174
196,DRM,20f2s,2,s4,zone2,1.9146330704082752,1.732013807965081,1.3159649764014527,2.6439102748264376,3.02333918091111
197,DRM,20f2s,3,s4,zone2,2.101633103519426,2.588818627847992,1.2196475794541957,1.0087656218323635,6.363273305380442
198,DRM,20f2s,4,s4,zone2,3.6083392840541304,2.429422976166716,1.8236976778691332,2.2640481598062663,4.440882544536692
199,DRM,20f2s,5,s4,zone2,3.4110147625305345,3.061760798118345,4.651188855223156,4.546801397159793,4.029740922394047
200,DRM,20f2s,1,s5,zone2,1.612794449171183,1.380584962832521,1.0153163588691645,1.4692597041871989,1.938307987418095
201,DRM,20f2s,2,s5,zone2,1.097914388771873,1.222656604709956,2.3155021204118786,1.1663964219609364,2.3941254073800047
202,DRM,20f2s,3,s5,zone2,1.3900338306537712,1.7802378733470088,1.0098408903938612,0.5048222086135005,1.7970521857876
203,DRM,20f2s,4,s5,zone2,0.707045056688427,1.8393152224032665,1.2775458527274255,1.235658999906863,2.1873142015444778
204,DRM,20f2s,5,s5,zone2,0.8946875704731984,1.8287925677525483,1.6115633837633268,2.505447108168773,2.122932468562512
205,DRM,20f2s,1,s6,zone2,0.6016920060228186,1.6472370438490163,0.8979162149657913,1.6404821096334519,2.539953374527619
206,DRM,20f2s,2,s6,zone2,1.952029747346169,1.00048508630652,2.3024346747329725,2.453971461417953,3.2713138325402573
207,DRM,20f2s,3,s6,zone2,1.1743258074562364,0.9357700465479984,0.5910221200057197,0.7447277938188882,2.2686484456959444
208,DRM,20f2s,4,s6,zone2,2.140884726978489,1.4231095100577789,1.446046564015291,1.5788941001398504,3.4283382745599535
209,DRM,20f2s,5,s6,zone2,1.3307167216306324,2.540754056724984,1.631158182628575,2.6192715136736435,3.1203967763100016
210,DRM,20f2s,1,s7,zone3,1.4986672615869985,0.8503852640793169,0.6767822472763737,0.8619951416194505,1.4313286797881524
211,DRM,20f2s,2,s7,zone3,0.9756848319073246,1.3536953854696836,1.3981417286614155,1.516065578504992,2.071199803165503
212,DRM,20f2s,3,s7,zone3,0.7631854103296088,0.9478319919183552,0.7217134864909691,0.6555281315695103,1.6547433472272672
213,DRM,20f2s,4,s7,zone3,0.8478333140597191,0.5705972716705043,1.647582693109498,1.4611638605773865,1.3360950986671194
214,DRM,20f2s,5,s7,zone3,1.4679558250890978,3.258176217439533,2.8334777194569543,1.013969300177415,3.430589210059482
215,DRM,20f2s,1,s8,zone3,0.6070159914309092,1.449428596398848,0.8483063651813513,1.2980016576700495,2.5440208904920203
216,DRM,20f2s,2,s8,zone3,0.8824178026123427,1.8654044509304368,1.0254340923729524,1.0699602959700867,1.2595089940635038
217,DRM,20f2s,3,s8,zone3,0.436708982353808,0.9801405613930477,0.7372687891486822,0.7773576347040271,2.1476262470674343
218,DRM,20f2s,4,s8,zone3,1.4079420067144957,1.201912272024037,0.7835389476342008,0.6384314165340418,2.9406618191149962
219,DRM,20f2s,5,s8,zone3,2.1602144377713364,2.21047886078487,3.405603764268323,3.5477967315165113,1.50430360087242
220,DRM,20f2s,1,s9,zone3,1.317373005436377,1.7182523029559968,0.7713107792184003,0.7100922963239626,2.6664088608855883
221,DRM,20f2s,2,s9,zone3,1.0965153520954627,0.8719335546809859,2.4982676527272587,2.7373827052792348,1.0092755015750978
222,DRM,20f2s,3,s9,zone3,0.34239059682205325,0.6348222085580141,1.181720014770395,1.0426455601153357,0.5714963762071593
223,DRM,20f2s,4,s9,zone3,0.7805805273595227,0.6276208967198403,0.583687184536976,0.5582990689169735,1.386448671683031
224,DRM,20f2s,5,s9,zone3,1.9304061892793183,2.169959144455162,1.61626848020315,2.7625389395235187,3.333845824777754
225,DRM,20f4s,1,s1,zone1,1.1072451727995192,3.528666881619573,2.097837957228079,1.4509117191213339,3.5175462117498655
226,DRM,20f4s,2,s1,zone1,5.081793000771418,4.716284793231358,2.7131653265420006,4.852984747908944,10.46192083715843
227,DRM,20f4s,3,s1,zone1,3.443283844898071,3.9332555638631503,3.3784580137071463,4.113197364692888,4.481743472621055
228,DRM,20f4s,4,s1,zone1,3.9412245693100094,2.189963848209551,2.5979924410826607,4.4730869268831235,3.381782119324478
229,DRM,20f4s,5,s1,zone1,10.629687511674897,10.81891135200882,6.752829747674325,7.704843583395011,14.399892691700359
230,DRM,20f4s,1,s2,zone1,1.3491951506754702,2.2450741229356495,1.4523530025742548,1.3971548457815928,2.573821347810615
231,DRM,20f4s,2,s2,zone1,2.3704262422493594,2.0991430517370593,1.710828493165391,1.4583403517125129,5.313070576464066
232,DRM,20f4s,3,s2,zone1,0.8421069173847004,0.995929632046208,2.448606040757912,2.045373105118813,2.4469599310702246
233,DRM,20f4s,4,s2,zone1,0.8264468628986951,1.177045620449723,1.6743518571653822,1.1366601100292812,3.4450510972058512
234,DRM,20f4s,5,s2,zone1,3.441473207022415,1.8175804100293842,2.0359403470015636,4.271267266268953,5.367344708081805
235,DRM,20f4s,1,s3,zone1,1.4392572056546922,4.005957328096883,3.1183890522089377,3.4207781840329345,4.0984858371052475
236,DRM,20f4s,2,s3,zone1,1.186652728008475,2.166834882625099,2.9167780827401297,1.756937089441031,1.9250229109662147
237,DRM,20f4s,3,s3,zone1,1.2693012035961801,2.800248373871349,2.3463822552373266,1.3790038220754792,3.0479295235953354
238,DRM,20f4s,4,s3,zone1,2.132005606552407,1.301117001708834,2.6546440227713872,2.9055301919219536,4.130466958175131
239,DRM,20f4s,5,s3,zone1,4.509225096734726,2.8882095775953704,4.460366475100282,3.7161361711191856,7.391310394534946
240,DRM,20f4s,1,s4,zone2,2.226516594594416,2.5402397530587795,2.379808082636005,1.9434090772986643,5.000454496864675
241,DRM,20f4s,2,s4,zone2,2.8388787904670236,1.7775287154881707,1.1830858168953848,2.6903222617934417,3.4594685626694823
242,DRM,20f4s,3,s4,zone2,2.4743369848931716,1.572403331867704,1.2495719990961358,1.242371327833908,6.701516734241337
243,DRM,20f4s,4,s4,zone2,4.255717434359349,2.2115853753105967,1.9301492786548122,2.0474383877676656,5.299515079362715
244,DRM,20f4s,5,s4,zone2,4.2611084013590075,1.977180150378243,4.583532412028578,4.73541354442737,4.959928384599321
245,DRM,20f4s,1,s5,zone2,1.6568780946040482,1.4569000169254658,1.0350702964988447,1.6554111467873949,2.1503704990303194
246,DRM,20f4s,2,s5,zone2,1.067551783965338,0.7394408775263956,2.690858450717201,1.4490714650260326,3.167099075812589
247,DRM,20f4s,3,s5,zone2,1.9372715144020014,1.6418383976630047,1.2413039080281816,0.39993290433698847,2.1840379579830618
248,DRM,20f4s,4,s5,zone2,0.8819875516534648,1.2746087762142122,1.3734124914797776,1.1454682355394943,2.155792940619496
249,DRM,20f4s,5,s5,zone2,0.9475785026005477,1.8042943730307226,1.9125697324185476,2.468553586031355,2.0427283648969485
250,DRM,20f4s,1,s6,zone2,0.7939136735782046,1.652646664666696,0.7889021828915141,1.694517800714852,2.531683262165144
251,DRM,20f4s,2,s6,zone2,2.4994222633896737,1.166964201112798,2.653931595020433,2.7290450057331053,3.406648393170821
252,DRM,20f4s,3,s6,zone2,1.3016795301186277,1.0412347045337373,0.80856019675975,1.1050761330103376,2.5239363887297706
253,DRM,20f4s,4,s6,zone2,2.50386481775512,1.3208546978449098,1.8685573400875246,1.690509202697427,4.2082993728389635
254,DRM,20f4s,5,s6,zone2,1.5025307884041192,2.759007357106701,1.7964463241988855,2.706927927635711,3.5054157947049696
255,DRM,20f4s,1,s7,zone3,2.050781149636581,0.8009694454183008,0.8693130812536827,0.8271410932361082,1.9081085536789353
256,DRM,20f4s,2,s7,zone3,1.2795686797837984,1.3586522513000445,1.5221973165934786,1.5673372231680154,2.3310631843083893
257,DRM,20f4s,3,s7,zone3,0.7849927835435848,0.7462958802768033,0.821958434963302,0.75250405961858,1.6834874720757764
258,DRM,20f4s,4,s7,zone3,0.9624060384070062,0.6927542713827054,1.7291848829706296,1.4354376743672228,1.6110862208664363
259,DRM,20f4s,5,s7,zone3,1.6051063086482897,2.7210782769223627,3.077717535651352,1.6178857599839647,4.12957686546782
260,DRM,20f4s,1,s8,zone3,0.4980674148786532,1.4625388813076856,1.1965824629091928,1.434995121404497,2.6397580167261463
261,DRM,20f4s,2,s8,zone3,0.8038148599874662,1.6779414851555843,1.4318161282007724,1.1995702332336375,1.123221213546912
262,DRM,20f4s,3,s8,zone3,0.5969183258633448,1.1489424692561199,0.8378869670028306,0.7253670898172639,2.1563233519758507
263,DRM,20f4s,4,s8,zone3,1.6141986879152304,1.1962945745147568,1.058559008173341,0.5903269078324721,3.3636258541763526
264,DRM,20f4s,5,s8,zone3,3.1569963628623956,1.8759845814277814,3.4512409967584516,3.3944278894572095,1.836965106814298
265,DRM,20f4s,1,s9,zone3,1.2412420579515184,1.718774247729921,0.8177623441105278,0.6305285976311729,2.5275416609542902
266,DRM,20f4s,2,s9,zone3,1.3395092573130258,1.1197710545105408,2.3268840010056397,2.8545956614235215,1.2955614312311516
267,DRM,20f4s,3,s9,zone3,0.38024207843284896,0.5815723829158248,1.3437411291412005,1.1399534729251197,0.7857850360383206
268,DRM,20f4s,4,s9,zone3,0.8513865105256315,0.5988942217450968,0.7501078119661814,0.5363537081081184,1.5741518248139892
269,DRM,20f4s,5,s9,zone3,2.0479351285417757,1.6045247307216854,1.6993327666127263,2.6077177476508093,3.8071252131168674
